{
"Profiles": [
{
  "Working Directory" : "\/Users\/valentin.marlier",
  "Prompt Before Closing 2" : false,
  "Selected Text Color" : {
    "Red Component" : 0.80000000000000004,
    "Color Space" : "P3",
    "Blue Component" : 0.49019607843137253,
    "Alpha Component" : 1,
    "Green Component" : 0.67450980392156867
  },
  "Rows" : 25,
  "Ansi 11 Color" : {
    "Red Component" : 0.88627450980392153,
    "Color Space" : "P3",
    "Blue Component" : 0.5607843137254902,
    "Alpha Component" : 1,
    "Green Component" : 0.74901960784313726
  },
  "Use Italic Font" : true,
  "Foreground Color" : {
    "Red Component" : 0.90196078431372551,
    "Color Space" : "P3",
    "Blue Component" : 0.90196078431372551,
    "Alpha Component" : 1,
    "Green Component" : 0.90588235294117647
  },
  "Right Option Key Sends" : 0,
  "Character Encoding" : 4,
  "Selection Color" : {
    "Red Component" : 0.14117647058823529,
    "Color Space" : "P3",
    "Blue Component" : 0.17647058823529413,
    "Alpha Component" : 1,
    "Green Component" : 0.16862745098039217
  },
  "Mouse Reporting" : true,
  "Ansi 4 Color" : {
    "Red Component" : 0.49411764705882355,
    "Color Space" : "P3",
    "Blue Component" : 0.6705882352941176,
    "Alpha Component" : 1,
    "Green Component" : 0.60392156862745094
  },
  "Non-ASCII Anti Aliased" : true,
  "Sync Title" : false,
  "Disable Window Resizing" : true,
  "Description" : "Default",
  "Close Sessions On End" : true,
  "Jobs to Ignore" : [
    "rlogin",
    "ssh",
    "slogin",
    "telnet"
  ],
  "Scrollback Lines" : 0,
  "Draw Powerline Glyphs" : true,
  "Flashing Bell" : false,
  "Cursor Guide Color" : {
    "Red Component" : 0.77647058823529413,
    "Color Space" : "sRGB",
    "Blue Component" : 0.96078431372549022,
    "Alpha Component" : 0.070000000000000007,
    "Green Component" : 0.81568627450980391
  },
  "BM Growl" : true,
  "AWDS Window Directory" : "",
  "Icon" : 1,
  "Ansi 3 Color" : {
    "Red Component" : 0.80000000000000004,
    "Color Space" : "P3",
    "Blue Component" : 0.49019607843137253,
    "Alpha Component" : 1,
    "Green Component" : 0.67450980392156867
  },
  "Use Non-ASCII Font" : false,
  "Shortcut" : "",
  "Link Color" : {
    "Red Component" : 0.80784313725490198,
    "Color Space" : "P3",
    "Blue Component" : 0.86274509803921573,
    "Alpha Component" : 1,
    "Green Component" : 0.82745098039215681
  },
  "Background Image Location" : "",
  "Bold Color" : {
    "Red Component" : 0.58039215686274515,
    "Color Space" : "P3",
    "Blue Component" : 0.7686274509803922,
    "Alpha Component" : 1,
    "Green Component" : 0.69411764705882351
  },
  "Unlimited Scrollback" : true,
  "Allow Title Setting" : false,
  "Custom Command" : "No",
  "AWDS Tab Option" : "Recycle",
  "Title Components" : 1,
  "Keyboard Map" : {
    "0x6c-0x140000-0x25" : {
      "Version" : 2,
      "Apply Mode" : 0,
      "Action" : 0,
      "Text" : "",
      "Escaping" : 2
    },
    "0x7f-0x80000-0x33" : {
      "Version" : 1,
      "Action" : 11,
      "Text" : "0x17",
      "Label" : ""
    },
    "0xf702-0x280000-0x7b" : {
      "Version" : 1,
      "Action" : 10,
      "Text" : "b",
      "Label" : ""
    },
    "0x76-0x140000-0x9" : {
      "Version" : 2,
      "Apply Mode" : 0,
      "Action" : 66,
      "Text" : "[{\"Version\":2,\"Apply Mode\":0,\"Action\":27,\"Text\":\"9228AAB5-FBB5-4CCE-A198-7D527C946B5E\",\"Escaping\":2},{\"Version\":2,\"Apply Mode\":0,\"Action\":12,\"Text\":\"nvim\",\"Escaping\":2},{\"Version\":2,\"Apply Mode\":0,\"Action\":11,\"Text\":\"000D\",\"Escaping\":2}]",
      "Escaping" : 2
    },
    "0x6b-0x140000-0x28" : {
      "Version" : 2,
      "Apply Mode" : 0,
      "Action" : 2,
      "Text" : "",
      "Escaping" : 2
    },
    "0xf703-0x280000-0x7c" : {
      "Version" : 1,
      "Action" : 10,
      "Text" : "f",
      "Label" : ""
    },
    "0x67-0x140000-0x5" : {
      "Version" : 2,
      "Apply Mode" : 0,
      "Action" : 66,
      "Text" : "[{\"Version\":2,\"Apply Mode\":0,\"Action\":27,\"Text\":\"9228AAB5-FBB5-4CCE-A198-7D527C946B5E\",\"Escaping\":2},{\"Version\":2,\"Apply Mode\":0,\"Action\":12,\"Text\":\"lazygit\",\"Escaping\":2},{\"Version\":2,\"Apply Mode\":0,\"Action\":11,\"Text\":\"000D\",\"Escaping\":2}]",
      "Escaping" : 2
    },
    "0x7f-0x100000-0x33" : {
      "Version" : 1,
      "Action" : 11,
      "Text" : "0x15",
      "Label" : ""
    }
  },
  "Ansi 14 Color" : {
    "Red Component" : 0.59215686274509804,
    "Color Space" : "P3",
    "Blue Component" : 0.68627450980392157,
    "Alpha Component" : 1,
    "Green Component" : 0.70196078431372544
  },
  "Ansi 2 Color" : {
    "Red Component" : 0.58823529411764708,
    "Color Space" : "P3",
    "Blue Component" : 0.53333333333333333,
    "Alpha Component" : 1,
    "Green Component" : 0.69019607843137254
  },
  "Send Code When Idle" : false,
  "ASCII Anti Aliased" : true,
  "Tags" : [

  ],
  "Ansi 9 Color" : {
    "Red Component" : 0.83137254901960789,
    "Color Space" : "P3",
    "Blue Component" : 0.58039215686274515,
    "Alpha Component" : 1,
    "Green Component" : 0.63921568627450975
  },
  "Use Bold Font" : true,
  "Silence Bell" : false,
  "Ansi 12 Color" : {
    "Red Component" : 0.58039215686274515,
    "Color Space" : "P3",
    "Blue Component" : 0.7686274509803922,
    "Alpha Component" : 1,
    "Green Component" : 0.69411764705882351
  },
  "Window Type" : 0,
  "Use Bright Bold" : true,
  "Cursor Text Color" : {
    "Red Component" : 0.14117647058823529,
    "Color Space" : "P3",
    "Blue Component" : 0.17647058823529413,
    "Alpha Component" : 1,
    "Green Component" : 0.16862745098039217
  },
  "Default Bookmark" : "No",
  "Cursor Color" : {
    "Red Component" : 0.90196078431372551,
    "Color Space" : "P3",
    "Blue Component" : 0.90196078431372551,
    "Alpha Component" : 1,
    "Green Component" : 0.90588235294117647
  },
  "Ansi 1 Color" : {
    "Red Component" : 0.73725490196078436,
    "Color Space" : "P3",
    "Blue Component" : 0.49019607843137253,
    "Alpha Component" : 1,
    "Green Component" : 0.5607843137254902
  },
  "Name" : "Default",
  "Blinking Cursor" : false,
  "Guid" : "9228AAB5-FBB5-4CCE-A198-7D527C946B5E",
  "Match Background Color" : {
    "Red Component" : 0.88627450980392153,
    "Color Space" : "P3",
    "Blue Component" : 0.5607843137254902,
    "Alpha Component" : 1,
    "Green Component" : 0.74901960784313726
  },
  "Idle Code" : 0,
  "Ansi 10 Color" : {
    "Red Component" : 0.6705882352941176,
    "Color Space" : "P3",
    "Blue Component" : 0.61960784313725492,
    "Alpha Component" : 1,
    "Green Component" : 0.7686274509803922
  },
  "Ansi 8 Color" : {
    "Red Component" : 0.28235294117647058,
    "Color Space" : "P3",
    "Blue Component" : 0.3411764705882353,
    "Alpha Component" : 1,
    "Green Component" : 0.32941176470588235
  },
  "Badge Color" : {
    "Red Component" : 0.92929404973983765,
    "Color Space" : "P3",
    "Blue Component" : 0.13960540294647217,
    "Alpha Component" : 0.5,
    "Green Component" : 0.25479039549827576
  },
  "Ambiguous Double Width" : false,
  "Ansi 0 Color" : {
    "Red Component" : 0.14117647058823529,
    "Color Space" : "P3",
    "Blue Component" : 0.17647058823529413,
    "Alpha Component" : 1,
    "Green Component" : 0.16862745098039217
  },
  "AWDS Pane Directory" : "",
  "Blur" : false,
  "Vertical Spacing" : 1,
  "Normal Font" : "MesloLGS-NF-Regular 13",
  "Ansi 7 Color" : {
    "Red Component" : 0.80784313725490198,
    "Color Space" : "P3",
    "Blue Component" : 0.86274509803921573,
    "Alpha Component" : 1,
    "Green Component" : 0.82745098039215681
  },
  "AWDS Tab Directory" : "",
  "AWDS Pane Option" : "Recycle",
  "Command" : "",
  "Terminal Type" : "xterm-256color",
  "Horizontal Spacing" : 1,
  "Option Key Sends" : 0,
  "Only The Default BG Color Uses Transparency" : true,
  "Minimum Contrast" : 0,
  "Ansi 15 Color" : {
    "Red Component" : 0.90196078431372551,
    "Color Space" : "P3",